run,parent_idx,parent_seq,parent_hash,chain,step,score,sequence,sequence_hash,length,sequence_log_pll,pae_interaction_mean,pae_interaction_std,pae_interaction_ucb,pae_interaction_head_0,pae_interaction_head_1,pae_interaction_head_2,pae_interaction_head_3,pae_interaction_head_4,i_ptm_mean,i_ptm_std,i_ptm_ucb,i_ptm_head_0,i_ptm_head_1,i_ptm_head_2,i_ptm_head_3,i_ptm_head_4,binder_plddt_mean,binder_plddt_std,binder_plddt_ucb,binder_plddt_head_0,binder_plddt_head_1,binder_plddt_head_2,binder_plddt_head_3,binder_plddt_head_4,i_ptm_ucb_rank,pae_interaction_ucb_rank,sequence_log_pll_rank,fitness_ucb,generation,timestamp
20241102-204308,2,SYDGYCLNGGVCMHIESLDSYTCNCVIGYSGDRCQTRDLRWWELRR,654894,47,43,23.225727081298828,SYDGYCLNGGVCMHIESLDSYTCECVIGYSGDRCQTRDLRWLELRL,12e14c,46,-318.4433288574219,5.837871,0.59111565,5.9560943,6.205761,6.637596,5.272108,5.290401,5.7834897,3.645958,0.57036334,3.7600305,3.8124928,3.1017952,3.154787,3.656826,4.5038877,3.2843235,0.3547067,3.355265,3.6061301,3.565923,2.8923523,2.9098904,3.447321,0.9868215955788578,0.9961740116196685,0.5235935950120448,3.4132393765396594,1,2024-11-02T20:45:08.472561
20241102-204308,5,SYDGYCLNGGVCMHIESLDSYTCNCVIGYSGDRCQTRDLRWWELRRRRR,580dca,89,3,43.258888244628906,SYDGYCLNGGVCMHIESLNSYTCKCVIGYSGDRCQTRDLRWLELRHNRR,8840d0,49,-362.8565979003906,4.827247,0.72051823,4.9713507,4.9685125,5.9642987,4.0512276,4.4430823,4.7091146,2.9038396,0.5871498,3.0212696,2.974482,2.3515687,2.47825,2.8694234,3.845474,3.9092758,0.39400512,3.9880767,4.44333,4.009847,3.5122273,3.5261364,4.054837,0.9596145670965,0.9913561003259175,0.21113787728496528,2.734586115141538,1,2024-11-02T20:45:08.472561
20241102-204308,4,SYDGYCLNGGVCMHIESLDSYTCNCVIGYSGDRCQTRDLRWWELRRRR,7144fa,76,8,29.45903778076172,SYDGYCLNGGVCMHIESLDSYTCQCVIGYSGDRCQTRDLRWLELRRNR,26b29a,48,-321.3887634277344,3.5324333,0.6461036,3.661654,3.8827202,4.4771366,2.9723635,2.9766886,3.3532577,3.7834854,0.5832018,3.9001257,3.9136314,3.2409701,3.2691436,3.8253608,4.668322,3.1155698,0.454806,3.206531,3.6362839,3.3944101,2.6202204,2.6578062,3.2691276,0.9897973643191158,0.9811534646450333,0.49369420433612016,2.6851580600757448,1,2024-11-02T20:45:08.472561
20241102-204308,3,SYDGYCLNGGVCMHIESLDSYTCNCVIGYSGDRCQTRDLRWWELRRR,bf66a6,52,38,22.064048767089844,SYDGYCFNGGVCMHIESLDSYTCRCVIGYSGDRCQTRDLRWLELRGR,3b3a7f,47,-320.95098876953125,2.5642197,0.73140395,2.7105005,3.0164235,3.55481,2.0220916,1.7571325,2.4706402,4.2533317,0.5726369,4.367859,4.429899,3.6914825,3.7611952,4.2811437,5.102937,1.4775352,0.3980159,1.5571384,1.7579242,1.8662553,0.8594279,1.3505751,1.5534939,0.9973076378064333,0.9668414340371263,0.5002125549100184,2.526190719597285,1,2024-11-02T20:45:08.472561
20241102-204308,6,SYDGYCLNGGVCMHIESLDSYTCNCVIGYSGDRCQTRDLRWWELRRRRRR,f0a3aa,110,4,37.19472885131836,SYDGYCLNGGVCMHIESLDSYTCQCVIGYSGDRCQTRDLRWLELRRRLYR,ad0e0e,50,-326.6159973144531,1.9324661,0.63944715,2.0603557,2.1979809,2.912979,1.5122486,1.3120723,1.7270502,3.3512368,0.58672094,3.468581,3.4642255,2.8104475,2.8383825,3.3935978,4.249531,0.9972089,0.3653967,1.0702882,1.3515285,1.3498514,0.4992185,0.8080741,0.9773717,0.9754853337112087,0.9530962165226017,0.3945019129941902,1.9744794330341964,1,2024-11-02T20:45:08.472561
20241102-204308,7,SYDGYCLNGGVCMHIESLDSYTCNCVIGYSGDRCQTRDLRWWELRRRRRRR,22d6cc,123,36,32.95104217529297,SYDGYCLNGGVCMHIESLDSYTCKCVIGYSGDRCQTRDLRVYELIRRHRRR,227e53,51,-327.35589599609375,-1.2306263,0.69583106,-1.0914601,-0.989403,-0.16138817,-1.823738,-1.840486,-1.338116,0.13228682,0.6429782,0.26088244,0.20648879,-0.46253628,-0.39265618,0.16916956,1.1409681,-3.3898404,0.38824746,-3.3121908,-3.0533264,-2.9180532,-3.699816,-3.485918,-3.7920887,0.7694487742666856,0.8527702989939068,0.38670823296018136,-0.14795647952256039,1,2024-11-02T20:45:08.472561
20241102-204308,8,SYDGYCLNGGVCMHIESLDSYTCNCVIGYSGDRCQTRDLRWWELRRRRRRRR,a446d7,138,13,24.48371696472168,SYDGYCLNGGVCMHIESLDSYTCNCVIGYSGDRCQTRDLRWLELRRDRRRFR,e4c4b6,52,-361.04046630859375,-2.5593622,0.7159079,-2.4161806,-2.2291613,-1.5094615,-3.0439835,-3.3256712,-2.6885326,1.2937483,0.72234637,1.4382175,1.1786482,0.5849487,0.8752608,1.3561047,2.4737787,-3.9168274,0.3544582,-3.8459358,-3.6285055,-3.4526212,-4.0676665,-4.2271366,-4.208205,0.8642482641349015,0.8047328893297435,0.23040952245996882,-0.2491845224943211,1,2024-11-02T20:45:08.472561
20241102-204308,9,SYDGYCLNGGVCMHIESLDSYTCNCVIGYSGDRCQTRDLRWWELRRRRRRRRR,4b28c8,149,4,24.910398483276367,SYDGYCLNGGVCMHIESLDSYTCHCVIGYSGDRCQTRDLRLLELRRRRRRRRR,4a8eef,53,-285.3650207519531,-4.771522,0.75207394,-4.621107,-4.4958115,-3.640926,-5.360376,-5.5173936,-4.843101,-1.6532335,0.5736498,-1.5385035,-1.4662577,-2.2080686,-2.1175911,-1.6907628,-0.7834874,-6.3607464,0.41842955,-6.2770605,-6.2275987,-5.7260365,-6.832004,-6.4263477,-6.5917454,0.6040810542723537,0.7272211988096925,0.7025648292475556,-1.81901530634782,1,2024-11-02T20:45:08.472561
20241102-204308,1,SYDGYCLNGGVCMHSYTCNCIGYSGDRCQTRDLRWWELRE,ad8a74,20,9,24.07162857055664,SYDCYCLNGGVCMHRHTLNCIGLSGDRCQTRDLRWWELRE,20feef,40,-385.2291259765625,-13.238095,0.903715,-13.057352,-13.186854,-11.825887,-14.105246,-13.948623,-13.123865,-4.41504,0.5217744,-4.310685,-3.9860837,-5.1363153,-4.5848446,-4.536923,-3.8310335,-15.278777,0.42241794,-15.194294,-15.239446,-15.247686,-15.523667,-14.627607,-15.755475,0.4005951537480516,0.2805724812243163,0.1734448065750319,-5.731531123638401,1,2024-11-02T20:45:08.472561
20241102-204308,0,SYDGYCLNGCIGYSGDRCQTRDLRWWELR,08e9ee,12,18,25.681034088134766,SYCGYCLNGCIRYSGDRCQTRDLRWKELL,5f4a14,29,-153.43124389648438,-13.932981,0.8656404,-13.759852,-13.715031,-12.623977,-14.519996,-14.877296,-13.928606,-9.086431,0.43229812,-8.999971,-8.66408,-9.643265,-9.328696,-9.152436,-8.643676,-16.044561,0.4806174,-15.948438,-15.993116,-16.270979,-16.094236,-15.283255,-16.581223,0.20221057106419157,0.2586084738557461,0.9909309905058807,-7.256297284984368,1,2024-11-02T20:45:08.472561
